gameId,playId,team
2021090900,97,TB
2021090900,97,DAL
2021090900,137,TB
2021090900,137,DAL
2021090900,187,TB
2021090900,187,DAL
2021090900,282,TB
2021090900,282,DAL
2021090900,349,TB
2021090900,349,DAL
2021090900,410,TB
2021090900,410,DAL
2021090900,434,TB
2021090900,434,DAL
2021090900,456,TB
2021090900,456,DAL
2021090900,480,TB
2021090900,480,DAL
2021090900,509,TB
2021090900,509,DAL
2021090900,559,TB
2021090900,559,DAL
2021090900,583,TB
2021090900,583,DAL
2021090900,687,TB
2021090900,687,DAL
2021090900,735,TB
2021090900,735,DAL
2021090900,764,TB
2021090900,764,DAL
2021090900,788,TB
2021090900,788,DAL
2021090900,869,TB
2021090900,869,DAL
2021090900,925,TB
2021090900,925,DAL
2021090900,947,TB
2021090900,947,DAL
2021090900,1078,TB
2021090900,1078,DAL
2021090900,1203,TB
2021090900,1203,DAL
2021090900,1227,TB
2021090900,1227,DAL
2021090900,1267,TB
2021090900,1267,DAL
2021090900,1312,TB
2021090900,1312,DAL
2021090900,1368,TB
2021090900,1368,DAL
2021090900,1392,TB
2021090900,1392,DAL
2021090900,1425,TB
2021090900,1425,DAL
2021090900,1506,TB
2021090900,1506,DAL
2021090900,1563,TB
2021090900,1563,DAL
2021090900,1587,TB
2021090900,1587,DAL
2021090900,1687,DAL
2021090900,1687,TB
2021090900,1726,TB
2021090900,1726,DAL
2021090900,1776,DAL
2021090900,1776,TB
2021090900,1918,TB
2021090900,1918,DAL
2021090900,1940,TB
2021090900,1940,DAL
2021090900,2008,TB
2021090900,2008,DAL
2021090900,2032,TB
2021090900,2032,DAL
2021090900,2088,TB
2021090900,2088,DAL
2021090900,2129,TB
2021090900,2129,DAL
2021090900,2169,TB
2021090900,2169,DAL
2021090900,2211,TB
2021090900,2211,DAL
2021090900,2233,TB
2021090900,2233,DAL
2021090900,2257,TB
2021090900,2257,DAL
2021090900,2279,TB
2021090900,2279,DAL
2021090900,2298,TB
2021090900,2298,DAL
2021090900,2330,TB
2021090900,2330,DAL
2021090900,2397,TB
2021090900,2397,DAL
2021090900,2419,TB
2021090900,2419,DAL
2021090900,2441,TB
2021090900,2441,DAL
2021090900,2530,TB
2021090900,2530,DAL
2021090900,2554,TB
2021090900,2554,DAL
2021090900,2632,TB
2021090900,2632,DAL
2021090900,2656,TB
2021090900,2656,DAL
2021090900,2678,TB
2021090900,2678,DAL
2021090900,2735,TB
2021090900,2735,DAL
2021090900,2780,TB
2021090900,2780,DAL
2021090900,2871,TB
2021090900,2871,DAL
2021090900,2893,TB
2021090900,2893,DAL
2021090900,2915,TB
2021090900,2915,DAL
2021090900,3014,TB
2021090900,3014,DAL
2021090900,3062,TB
2021090900,3062,DAL
2021090900,3110,TB
2021090900,3110,DAL
2021090900,3134,TB
2021090900,3134,DAL
2021090900,3216,TB
2021090900,3216,DAL
2021090900,3261,TB
2021090900,3261,DAL
2021090900,3306,TB
2021090900,3306,DAL
2021090900,3330,TB
2021090900,3330,DAL
2021090900,3364,TB
2021090900,3364,DAL
2021090900,3406,TB
2021090900,3406,DAL
2021090900,3462,TB
2021090900,3462,DAL
2021090900,3588,TB
2021090900,3588,DAL
2021090900,3633,TB
2021090900,3633,DAL
2021090900,3655,TB
2021090900,3655,DAL
2021090900,3724,TB
2021090900,3724,DAL
2021090900,3746,TB
2021090900,3746,DAL
2021090900,3793,TB
2021090900,3793,DAL
2021090900,3862,TB
2021090900,3862,DAL
2021090900,3909,TB
2021090900,3909,DAL
2021090900,3933,TB
2021090900,3933,DAL
2021090900,3962,TB
2021090900,3962,DAL
2021090900,4094,TB
2021090900,4094,DAL
2021090900,4141,TB
2021090900,4141,DAL
2021090900,4189,TB
2021090900,4189,DAL
2021090900,4211,TB
2021090900,4211,DAL
2021090900,4246,TB
2021090900,4246,DAL
2021090900,4287,TB
2021090900,4287,DAL
2021090900,4393,TB
2021090900,4393,DAL
2021090900,4428,TB
2021090900,4428,DAL
2021090900,4538,TB
2021090900,4538,DAL
2021090900,4560,TB
2021090900,4560,DAL
2021090900,4624,TB
2021090900,4624,DAL
2021090900,4653,TB
2021090900,4653,DAL
2021090900,4677,TB
2021090900,4677,DAL
2021090900,4699,TB
2021090900,4699,DAL
2021090900,4728,TB
2021090900,4728,DAL
2021090900,4750,TB
2021090900,4750,DAL
2021090900,4772,TB
2021090900,4772,DAL
2021091200,56,ATL
2021091200,56,PHI
2021091200,122,ATL
2021091200,122,PHI
2021091200,146,ATL
2021091200,146,PHI
2021091200,176,ATL
2021091200,176,PHI
2021091200,231,ATL
2021091200,231,PHI
2021091200,303,ATL
2021091200,303,PHI
2021091200,348,ATL
2021091200,348,PHI
2021091200,370,ATL
2021091200,370,PHI
2021091200,605,PHI
2021091200,605,ATL
2021091200,705,ATL
2021091200,705,PHI
2021091200,750,ATL
2021091200,750,PHI
2021091200,821,ATL
2021091200,821,PHI
2021091200,843,ATL
2021091200,843,PHI
2021091200,864,ATL
2021091200,864,PHI
2021091200,966,ATL
2021091200,966,PHI
2021091200,1023,ATL
2021091200,1023,PHI
2021091200,1085,ATL
2021091200,1085,PHI
2021091200,1153,PHI
2021091200,1153,ATL
2021091200,1182,PHI
2021091200,1182,ATL
2021091200,1206,PHI
2021091200,1206,ATL
2021091200,1249,PHI
2021091200,1249,ATL
2021091200,1271,PHI
2021091200,1271,ATL
2021091200,1326,ATL
2021091200,1326,PHI
2021091200,1459,ATL
2021091200,1459,PHI
2021091200,1494,ATL
2021091200,1494,PHI
2021091200,1558,PHI
2021091200,1558,ATL
2021091200,1582,PHI
2021091200,1582,ATL
2021091200,1606,PHI
2021091200,1606,ATL
2021091200,1630,PHI
2021091200,1630,ATL
2021091200,1732,PHI
2021091200,1732,ATL
2021091200,1792,PHI
2021091200,1792,ATL
2021091200,1991,PHI
2021091200,1991,ATL
2021091200,2020,PHI
2021091200,2020,ATL
2021091200,2063,PHI
2021091200,2063,ATL
2021091200,2121,PHI
2021091200,2121,ATL
2021091200,2145,PHI
2021091200,2145,ATL
2021091200,2214,PHI
2021091200,2214,ATL
2021091200,2275,PHI
2021091200,2275,ATL
2021091200,2321,PHI
2021091200,2321,ATL
2021091200,2399,PHI
2021091200,2399,ATL
2021091200,2631,PHI
2021091200,2631,ATL
2021091200,2675,ATL
2021091200,2675,PHI
2021091200,2720,ATL
2021091200,2720,PHI
2021091200,2767,PHI
2021091200,2767,ATL
2021091200,2906,PHI
2021091200,2906,ATL
2021091200,2935,PHI
2021091200,2935,ATL
2021091200,2978,ATL
2021091200,2978,PHI
2021091200,3045,ATL
2021091200,3045,PHI
2021091200,3110,ATL
2021091200,3110,PHI
2021091200,3145,ATL
2021091200,3145,PHI
2021091200,3383,ATL
2021091200,3383,PHI
2021091200,3416,ATL
2021091200,3416,PHI
2021091200,3480,ATL
2021091200,3480,PHI
2021091200,3502,ATL
2021091200,3502,PHI
2021091200,3599,PHI
2021091200,3599,ATL
2021091200,3659,PHI
2021091200,3659,ATL
2021091200,3728,ATL
2021091200,3728,PHI
2021091200,3752,ATL
2021091200,3752,PHI
2021091200,3776,ATL
2021091200,3776,PHI
2021091200,3798,ATL
2021091200,3798,PHI
2021091200,3820,ATL
2021091200,3820,PHI
2021091200,3928,PHI
2021091200,3928,ATL
2021091200,3988,ATL
2021091200,3988,PHI
2021091200,4017,ATL
2021091200,4017,PHI
2021091200,4041,ATL
2021091200,4041,PHI
2021091200,4112,ATL
2021091200,4112,PHI
2021091200,4131,PHI
2021091200,4131,ATL
2021091200,4240,ATL
2021091200,4240,PHI
2021091200,4274,ATL
2021091200,4274,PHI
2021091200,4298,ATL
2021091200,4298,PHI
2021091200,4317,ATL
2021091200,4317,PHI
2021091200,4346,ATL
2021091200,4346,PHI
2021091201,63,PIT
2021091201,63,BUF
2021091201,111,PIT
2021091201,111,BUF
2021091201,262,PIT
2021091201,262,BUF
2021091201,345,PIT
2021091201,345,BUF
2021091201,406,PIT
2021091201,406,BUF
2021091201,430,PIT
2021091201,430,BUF
2021091201,454,PIT
2021091201,454,BUF
2021091201,476,PIT
2021091201,476,BUF
2021091201,500,PIT
2021091201,500,BUF
2021091201,561,PIT
2021091201,561,BUF
2021091201,589,PIT
2021091201,589,BUF
2021091201,639,PIT
2021091201,639,BUF
2021091201,691,PIT
2021091201,691,BUF
2021091201,762,PIT
2021091201,762,BUF
2021091201,856,PIT
2021091201,856,BUF
2021091201,901,PIT
2021091201,901,BUF
2021091201,997,PIT
2021091201,997,BUF
2021091201,1058,PIT
2021091201,1058,BUF
2021091201,1087,PIT
2021091201,1087,BUF
2021091201,1148,PIT
2021091201,1148,BUF
2021091201,1172,PIT
2021091201,1172,BUF
2021091201,1234,PIT
2021091201,1234,BUF
2021091201,1300,PIT
2021091201,1300,BUF
2021091201,1367,PIT
2021091201,1367,BUF
2021091201,1393,PIT
2021091201,1393,BUF
2021091201,1422,PIT
2021091201,1422,BUF
2021091201,1446,PIT
2021091201,1446,BUF
2021091201,1486,PIT
2021091201,1486,BUF
2021091201,1548,PIT
2021091201,1548,BUF
2021091201,1572,PIT
2021091201,1572,BUF
2021091201,1605,PIT
2021091201,1605,BUF
2021091201,1629,PIT
2021091201,1629,BUF
2021091201,1653,PIT
2021091201,1653,BUF
2021091201,1710,PIT
2021091201,1710,BUF
2021091201,1746,PIT
2021091201,1746,BUF
2021091201,1808,PIT
2021091201,1808,BUF
2021091201,1870,PIT
2021091201,1870,BUF
2021091201,1951,PIT
2021091201,1951,BUF
2021091201,2126,PIT
2021091201,2126,BUF
2021091201,2209,PIT
2021091201,2209,BUF
2021091201,2302,PIT
2021091201,2302,BUF
2021091201,2362,PIT
2021091201,2362,BUF
2021091201,2392,PIT
2021091201,2392,BUF
2021091201,2414,PIT
2021091201,2414,BUF
2021091201,2438,PIT
2021091201,2438,BUF
2021091201,2483,PIT
2021091201,2483,BUF
2021091201,2547,PIT
2021091201,2547,BUF
2021091201,2590,PIT
2021091201,2590,BUF
2021091201,2612,PIT
2021091201,2612,BUF
2021091201,2634,PIT
2021091201,2634,BUF
2021091201,2709,PIT
2021091201,2709,BUF
2021091201,2731,PIT
2021091201,2731,BUF
2021091201,2828,PIT
2021091201,2828,BUF
2021091201,2850,PIT
2021091201,2850,BUF
2021091201,2912,PIT
2021091201,2912,BUF
2021091201,2936,PIT
2021091201,2936,BUF
2021091201,2983,PIT
2021091201,2983,BUF
2021091201,3004,PIT
2021091201,3004,BUF
2021091201,3049,PIT
2021091201,3049,BUF
2021091201,3165,PIT
2021091201,3165,BUF
2021091201,3219,PIT
2021091201,3219,BUF
2021091201,3312,PIT
2021091201,3312,BUF
2021091201,3346,PIT
2021091201,3346,BUF
2021091201,3431,PIT
2021091201,3431,BUF
2021091201,3584,PIT
2021091201,3584,BUF
2021091201,3655,PIT
2021091201,3655,BUF
2021091201,3709,PIT
2021091201,3709,BUF
2021091201,3756,PIT
2021091201,3756,BUF
2021091201,3799,PIT
2021091201,3799,BUF
2021091201,3878,PIT
2021091201,3878,BUF
2021091201,3967,PIT
2021091201,3967,BUF
2021091201,3989,PIT
2021091201,3989,BUF
2021091201,4011,PIT
2021091201,4011,BUF
2021091201,4033,PIT
2021091201,4033,BUF
2021091201,4074,PIT
2021091201,4074,BUF
2021091201,4103,PIT
2021091201,4103,BUF
2021091201,4156,PIT
2021091201,4156,BUF
2021091201,4180,PIT
2021091201,4180,BUF
2021091201,4209,PIT
2021091201,4209,BUF
2021091201,4233,PIT
2021091201,4233,BUF
2021091201,4266,PIT
2021091201,4266,BUF
2021091202,88,NYJ
2021091202,88,CAR
2021091202,210,NYJ
2021091202,210,CAR
2021091202,394,NYJ
2021091202,394,CAR
2021091202,467,NYJ
2021091202,467,CAR
2021091202,489,NYJ
2021091202,489,CAR
2021091202,602,NYJ
2021091202,602,CAR
2021091202,664,NYJ
2021091202,664,CAR
2021091202,688,NYJ
2021091202,688,CAR
2021091202,815,NYJ
2021091202,815,CAR
2021091202,837,NYJ
2021091202,837,CAR
2021091202,935,NYJ
2021091202,935,CAR
2021091202,957,NYJ
2021091202,957,CAR
2021091202,1021,NYJ
2021091202,1021,CAR
2021091202,1074,NYJ
2021091202,1074,CAR
2021091202,1113,NYJ
2021091202,1113,CAR
2021091202,1241,NYJ
2021091202,1241,CAR
2021091202,1297,NYJ
2021091202,1297,CAR
2021091202,1319,NYJ
2021091202,1319,CAR
2021091202,1350,NYJ
2021091202,1350,CAR
2021091202,1419,NYJ
2021091202,1419,CAR
2021091202,1441,NYJ
2021091202,1441,CAR
2021091202,1497,NYJ
2021091202,1497,CAR
2021091202,1519,NYJ
2021091202,1519,CAR
2021091202,1543,NYJ
2021091202,1543,CAR
2021091202,1596,NYJ
2021091202,1596,CAR
2021091202,1620,NYJ
2021091202,1620,CAR
2021091202,1696,NYJ
2021091202,1696,CAR
2021091202,1752,NYJ
2021091202,1752,CAR
2021091202,1774,NYJ
2021091202,1774,CAR
2021091202,1798,NYJ
2021091202,1798,CAR
2021091202,1885,NYJ
2021091202,1885,CAR
2021091202,1909,NYJ
2021091202,1909,CAR
2021091202,1943,NYJ
2021091202,1943,CAR
2021091202,1967,NYJ
2021091202,1967,CAR
2021091202,1991,NYJ
2021091202,1991,CAR
2021091202,2153,NYJ
2021091202,2153,CAR
2021091202,2196,NYJ
2021091202,2196,CAR
2021091202,2261,NYJ
2021091202,2261,CAR
2021091202,2283,NYJ
2021091202,2283,CAR
2021091202,2345,NYJ
2021091202,2345,CAR
2021091202,2367,NYJ
2021091202,2367,CAR
2021091202,2428,NYJ
2021091202,2428,CAR
2021091202,2457,NYJ
2021091202,2457,CAR
2021091202,2481,NYJ
2021091202,2481,CAR
2021091202,2503,NYJ
2021091202,2503,CAR
2021091202,2543,NYJ
2021091202,2543,CAR
2021091202,2586,NYJ
2021091202,2586,CAR
2021091202,2662,NYJ
2021091202,2662,CAR
2021091202,2684,NYJ
2021091202,2684,CAR
2021091202,2797,NYJ
2021091202,2797,CAR
2021091202,2821,NYJ
2021091202,2821,CAR
2021091202,2883,NYJ
2021091202,2883,CAR
2021091202,2949,NYJ
2021091202,2949,CAR
2021091202,3075,NYJ
2021091202,3075,CAR
2021091202,3376,NYJ
2021091202,3376,CAR
2021091202,3398,NYJ
2021091202,3398,CAR
2021091202,3420,NYJ
2021091202,3420,CAR
2021091202,3490,NYJ
2021091202,3490,CAR
2021091202,3512,NYJ
2021091202,3512,CAR
2021091202,3536,NYJ
2021091202,3536,CAR
2021091202,3635,NYJ
2021091202,3635,CAR
2021091202,3675,NYJ
2021091202,3675,CAR
2021091202,3699,NYJ
2021091202,3699,CAR
2021091202,3723,NYJ
2021091202,3723,CAR
2021091202,3745,NYJ
2021091202,3745,CAR
2021091202,3767,NYJ
2021091202,3767,CAR
2021091202,3791,NYJ
2021091202,3791,CAR
2021091202,3820,NYJ
2021091202,3820,CAR
2021091202,3843,NYJ
2021091202,3843,CAR
2021091202,3889,NYJ
2021091202,3889,CAR
2021091202,3914,NYJ
2021091202,3914,CAR
2021091203,125,MIN
2021091203,125,CIN
2021091203,149,MIN
2021091203,149,CIN
2021091203,223,MIN
2021091203,223,CIN
2021091203,258,MIN
2021091203,258,CIN
2021091203,280,MIN
2021091203,280,CIN
2021091203,405,MIN
2021091203,405,CIN
2021091203,533,MIN
2021091203,533,CIN
2021091203,601,MIN
2021091203,601,CIN
2021091203,620,MIN
2021091203,620,CIN
2021091203,672,MIN
2021091203,672,CIN
2021091203,722,MIN
2021091203,722,CIN
2021091203,765,MIN
2021091203,765,CIN
2021091203,845,MIN
2021091203,845,CIN
2021091203,924,MIN
2021091203,924,CIN
2021091203,1041,MIN
2021091203,1041,CIN
2021091203,1086,MIN
2021091203,1086,CIN
2021091203,1258,MIN
2021091203,1258,CIN
2021091203,1414,MIN
2021091203,1414,CIN
2021091203,1485,MIN
2021091203,1485,CIN
2021091203,1521,MIN
2021091203,1521,CIN
2021091203,1561,MIN
2021091203,1561,CIN
2021091203,1591,MIN
2021091203,1591,CIN
2021091203,1667,MIN
2021091203,1667,CIN
2021091203,1723,MIN
2021091203,1723,CIN
2021091203,1745,MIN
2021091203,1745,CIN
2021091203,1780,MIN
2021091203,1780,CIN
2021091203,1809,MIN
2021091203,1809,CIN
2021091203,1885,MIN
2021091203,1885,CIN
2021091203,1909,MIN
2021091203,1909,CIN
2021091203,1938,MIN
2021091203,1938,CIN
2021091203,1967,MIN
2021091203,1967,CIN
2021091203,2063,MIN
2021091203,2063,CIN
2021091203,2104,MIN
2021091203,2104,CIN
2021091203,2186,MIN
2021091203,2186,CIN
2021091203,2219,MIN
2021091203,2219,CIN
2021091203,2376,MIN
2021091203,2376,CIN
2021091203,2400,MIN
2021091203,2400,CIN
2021091203,2450,MIN
2021091203,2450,CIN
2021091203,2472,MIN
2021091203,2472,CIN
2021091203,2538,MIN
2021091203,2538,CIN
2021091203,2685,MIN
2021091203,2685,CIN
2021091203,2751,MIN
2021091203,2751,CIN
2021091203,2773,MIN
2021091203,2773,CIN
2021091203,2822,MIN
2021091203,2822,CIN
2021091203,2862,MIN
2021091203,2862,CIN
2021091203,2909,MIN
2021091203,2909,CIN
2021091203,2952,MIN
2021091203,2952,CIN
2021091203,2974,MIN
2021091203,2974,CIN
2021091203,3239,MIN
2021091203,3239,CIN
2021091203,3261,MIN
2021091203,3261,CIN
2021091203,3320,MIN
2021091203,3320,CIN
2021091203,3366,MIN
2021091203,3366,CIN
2021091203,3405,MIN
2021091203,3405,CIN
2021091203,3429,MIN
2021091203,3429,CIN
2021091203,3453,MIN
2021091203,3453,CIN
2021091203,3623,MIN
2021091203,3623,CIN
2021091203,3645,MIN
2021091203,3645,CIN
2021091203,3682,MIN
2021091203,3682,CIN
2021091203,3740,MIN
2021091203,3740,CIN
2021091203,3764,MIN
2021091203,3764,CIN
2021091203,3977,MIN
2021091203,3977,CIN
2021091203,4001,MIN
2021091203,4001,CIN
2021091203,4025,MIN
2021091203,4025,CIN
2021091203,4047,MIN
2021091203,4047,CIN
2021091203,4076,MIN
2021091203,4076,CIN
2021091203,4100,MIN
2021091203,4100,CIN
2021091203,4124,MIN
2021091203,4124,CIN
2021091203,4284,MIN
2021091203,4284,CIN
2021091203,4329,MIN
2021091203,4329,CIN
2021091203,4393,MIN
2021091203,4393,CIN
2021091203,4415,MIN
2021091203,4415,CIN
2021091203,4528,MIN
2021091203,4528,CIN
2021091203,4596,MIN
2021091203,4596,CIN
2021091203,4629,MIN
2021091203,4629,CIN
2021091203,4682,MIN
2021091203,4682,CIN
2021091203,4849,MIN
2021091203,4849,CIN
2021091204,90,SF
2021091204,90,DET
2021091204,135,SF
2021091204,135,DET
2021091204,157,SF
2021091204,157,DET
2021091204,282,SF
2021091204,282,DET
2021091204,328,SF
2021091204,328,DET
2021091204,417,SF
2021091204,417,DET
2021091204,487,SF
2021091204,487,DET
2021091204,516,SF
2021091204,516,DET
2021091204,596,SF
2021091204,596,DET
2021091204,660,DET
2021091204,660,SF
2021091204,693,SF
2021091204,693,DET
2021091204,712,SF
2021091204,712,DET
2021091204,736,SF
2021091204,736,DET
2021091204,807,SF
2021091204,807,DET
2021091204,831,DET
2021091204,831,SF
2021091204,895,SF
2021091204,895,DET
2021091204,919,SF
2021091204,919,DET
2021091204,1026,SF
2021091204,1026,DET
2021091204,1054,SF
2021091204,1054,DET
2021091204,1163,DET
2021091204,1163,SF
2021091204,1187,SF
2021091204,1187,DET
2021091204,1300,DET
2021091204,1300,SF
2021091204,1365,SF
2021091204,1365,DET
2021091204,1443,SF
2021091204,1443,DET
2021091204,1488,SF
2021091204,1488,DET
2021091204,1579,SF
2021091204,1579,DET
2021091204,1641,DET
2021091204,1641,SF
2021091204,1670,SF
2021091204,1670,DET
2021091204,1775,SF
2021091204,1775,DET
2021091204,1811,SF
2021091204,1811,DET
2021091204,1916,SF
2021091204,1916,DET
2021091204,1938,SF
2021091204,1938,DET
2021091204,1979,SF
2021091204,1979,DET
2021091204,2034,SF
2021091204,2034,DET
2021091204,2148,SF
2021091204,2148,DET
2021091204,2196,SF
2021091204,2196,DET
2021091204,2263,SF
2021091204,2263,DET
2021091204,2345,SF
2021091204,2345,DET
2021091204,2367,DET
2021091204,2367,SF
2021091204,2421,SF
2021091204,2421,DET
2021091204,2447,SF
2021091204,2447,DET
2021091204,2596,SF
2021091204,2596,DET
2021091204,2652,SF
2021091204,2652,DET
2021091204,2699,DET
2021091204,2699,SF
2021091204,2742,SF
2021091204,2742,DET
2021091204,2766,SF
2021091204,2766,DET
2021091204,2876,SF
2021091204,2876,DET
2021091204,3017,SF
2021091204,3017,DET
2021091204,3060,SF
2021091204,3060,DET
2021091204,3100,SF
2021091204,3100,DET
2021091204,3171,SF
2021091204,3171,DET
2021091204,3195,SF
2021091204,3195,DET
2021091204,3255,SF
2021091204,3255,DET
2021091204,3351,SF
2021091204,3351,DET
2021091204,3375,SF
2021091204,3375,DET
2021091204,3404,SF
2021091204,3404,DET
2021091204,3444,SF
2021091204,3444,DET
2021091204,3479,DET
2021091204,3479,SF
2021091204,3504,SF
2021091204,3504,DET
2021091204,3533,SF
2021091204,3533,DET
2021091204,3597,SF
2021091204,3597,DET
2021091204,3638,SF
2021091204,3638,DET
2021091204,3662,SF
2021091204,3662,DET
2021091204,3691,SF
2021091204,3691,DET
2021091204,3719,SF
2021091204,3719,DET
2021091204,3741,SF
2021091204,3741,DET
2021091204,3774,SF
2021091204,3774,DET
2021091204,3808,SF
2021091204,3808,DET
2021091204,3832,SF
2021091204,3832,DET
2021091204,3856,SF
2021091204,3856,DET
2021091204,3880,SF
2021091204,3880,DET
2021091204,3908,SF
2021091204,3908,DET
2021091204,3973,SF
2021091204,3973,DET
2021091204,4042,SF
2021091204,4042,DET
2021091204,4082,SF
2021091204,4082,DET
2021091204,4106,SF
2021091204,4106,DET
2021091204,4135,SF
2021091204,4135,DET
2021091204,4164,SF
2021091204,4164,DET
2021091204,4199,SF
2021091204,4199,DET
2021091204,4253,SF
2021091204,4253,DET
2021091204,4401,SF
2021091204,4401,DET
2021091204,4441,SF
2021091204,4441,DET
2021091204,4463,SF
2021091204,4463,DET
2021091204,4492,SF
2021091204,4492,DET
2021091204,4514,SF
2021091204,4514,DET
2021091204,4555,SF
2021091204,4555,DET
2021091204,4581,SF
2021091204,4581,DET
2021091204,4607,SF
2021091204,4607,DET
2021091204,4629,SF
2021091204,4629,DET
2021091205,78,HOU
2021091205,78,JAX
2021091205,100,HOU
2021091205,100,JAX
2021091205,151,HOU
2021091205,151,JAX
2021091205,249,HOU
2021091205,249,JAX
2021091205,337,HOU
2021091205,337,JAX
2021091205,404,HOU
2021091205,404,JAX
2021091205,423,HOU
2021091205,423,JAX
2021091205,447,HOU
2021091205,447,JAX
2021091205,513,HOU
2021091205,513,JAX
2021091205,643,HOU
2021091205,643,JAX
2021091205,699,HOU
2021091205,699,JAX
2021091205,745,HOU
2021091205,745,JAX
2021091205,787,HOU
2021091205,787,JAX
2021091205,811,HOU
2021091205,811,JAX
2021091205,856,HOU
2021091205,856,JAX
2021091205,878,HOU
2021091205,878,JAX
2021091205,1050,JAX
2021091205,1050,HOU
2021091205,1091,JAX
2021091205,1091,HOU
2021091205,1157,HOU
2021091205,1157,JAX
2021091205,1179,HOU
2021091205,1179,JAX
2021091205,1212,HOU
2021091205,1212,JAX
2021091205,1278,JAX
2021091205,1278,HOU
2021091205,1359,HOU
2021091205,1359,JAX
2021091205,1404,HOU
2021091205,1404,JAX
2021091205,1426,HOU
2021091205,1426,JAX
2021091205,1494,HOU
2021091205,1494,JAX
2021091205,1518,HOU
2021091205,1518,JAX
2021091205,1667,HOU
2021091205,1667,JAX
2021091205,1711,JAX
2021091205,1711,HOU
2021091205,1739,JAX
2021091205,1739,HOU
2021091205,1808,HOU
2021091205,1808,JAX
2021091205,1924,HOU
2021091205,1924,JAX
2021091205,1988,HOU
2021091205,1988,JAX
2021091205,2042,HOU
2021091205,2042,JAX
2021091205,2075,HOU
2021091205,2075,JAX
2021091205,2097,HOU
2021091205,2097,JAX
2021091205,2183,HOU
2021091205,2183,JAX
2021091205,2223,HOU
2021091205,2223,JAX
2021091205,2245,HOU
2021091205,2245,JAX
2021091205,2297,HOU
2021091205,2297,JAX
2021091205,2325,HOU
2021091205,2325,JAX
2021091205,2388,HOU
2021091205,2388,JAX
2021091205,2429,HOU
2021091205,2429,JAX
2021091205,2581,HOU
2021091205,2581,JAX
2021091205,2681,HOU
2021091205,2681,JAX
2021091205,2795,JAX
2021091205,2795,HOU
2021091205,2838,JAX
2021091205,2838,HOU
2021091205,2966,HOU
2021091205,2966,JAX
2021091205,3053,HOU
2021091205,3053,JAX
2021091205,3127,HOU
2021091205,3127,JAX
2021091205,3151,HOU
2021091205,3151,JAX
2021091205,3175,HOU
2021091205,3175,JAX
2021091205,3210,HOU
2021091205,3210,JAX
2021091205,3310,HOU
2021091205,3310,JAX
2021091205,3361,JAX
2021091205,3361,HOU
2021091205,3383,JAX
2021091205,3383,HOU
2021091205,3426,JAX
2021091205,3426,HOU
2021091205,3467,HOU
2021091205,3467,JAX
2021091205,3548,HOU
2021091205,3548,JAX
2021091205,3631,HOU
2021091205,3631,JAX
2021091205,3687,HOU
2021091205,3687,JAX
2021091205,3711,HOU
2021091205,3711,JAX
2021091205,3735,HOU
2021091205,3735,JAX
2021091205,3761,HOU
2021091205,3761,JAX
2021091205,3783,HOU
2021091205,3783,JAX
2021091205,3805,JAX
2021091205,3805,HOU
2021091205,3886,JAX
2021091205,3886,HOU
2021091205,4100,HOU
2021091205,4100,JAX
2021091205,4122,HOU
2021091205,4122,JAX
2021091205,4141,HOU
2021091205,4141,JAX
2021091205,4420,JAX
2021091205,4420,HOU
2021091205,4489,JAX
2021091205,4489,HOU
2021091205,4513,JAX
2021091205,4513,HOU
2021091205,4535,HOU
2021091205,4535,JAX
2021091205,4580,HOU
2021091205,4580,JAX
2021091205,4604,HOU
2021091205,4604,JAX
2021091205,4649,HOU
2021091205,4649,JAX
2021091205,4673,HOU
2021091205,4673,JAX
2021091205,4695,JAX
2021091205,4695,HOU
2021091206,76,SEA
2021091206,76,IND
2021091206,98,SEA
2021091206,98,IND
2021091206,128,SEA
2021091206,128,IND
2021091206,152,SEA
2021091206,152,IND
2021091206,245,SEA
2021091206,245,IND
2021091206,269,SEA
2021091206,269,IND
2021091206,439,SEA
2021091206,439,IND
2021091206,506,SEA
2021091206,506,IND
2021091206,620,SEA
2021091206,620,IND
2021091206,649,SEA
2021091206,649,IND
2021091206,742,SEA
2021091206,742,IND
2021091206,855,SEA
2021091206,855,IND
2021091206,903,SEA
2021091206,903,IND
2021091206,948,SEA
2021091206,948,IND
2021091206,1040,SEA
2021091206,1040,IND
2021091206,1064,SEA
2021091206,1064,IND
2021091206,1130,SEA
2021091206,1130,IND
2021091206,1171,SEA
2021091206,1171,IND
2021091206,1195,SEA
2021091206,1195,IND
2021091206,1246,SEA
2021091206,1246,IND
2021091206,1320,SEA
2021091206,1320,IND
2021091206,1371,SEA
2021091206,1371,IND
2021091206,1483,SEA
2021091206,1483,IND
2021091206,1583,SEA
2021091206,1583,IND
2021091206,1668,SEA
2021091206,1668,IND
2021091206,1687,SEA
2021091206,1687,IND
2021091206,1745,SEA
2021091206,1745,IND
2021091206,1824,SEA
2021091206,1824,IND
2021091206,1865,SEA
2021091206,1865,IND
2021091206,1921,SEA
2021091206,1921,IND
2021091206,1945,SEA
2021091206,1945,IND
2021091206,2011,SEA
2021091206,2011,IND
2021091206,2058,SEA
2021091206,2058,IND
2021091206,2111,SEA
2021091206,2111,IND
2021091206,2210,SEA
2021091206,2210,IND
2021091206,2229,SEA
2021091206,2229,IND
2021091206,2253,SEA
2021091206,2253,IND
2021091206,2301,SEA
2021091206,2301,IND
2021091206,2347,SEA
2021091206,2347,IND
2021091206,2419,SEA
2021091206,2419,IND
2021091206,2609,SEA
2021091206,2609,IND
2021091206,2676,SEA
2021091206,2676,IND
2021091206,2760,SEA
2021091206,2760,IND
2021091206,2868,SEA
2021091206,2868,IND
2021091206,2914,SEA
2021091206,2914,IND
2021091206,2964,SEA
2021091206,2964,IND
2021091206,2988,SEA
2021091206,2988,IND
2021091206,3032,SEA
2021091206,3032,IND
2021091206,3060,SEA
2021091206,3060,IND
2021091206,3079,SEA
2021091206,3079,IND
2021091206,3132,SEA
2021091206,3132,IND
2021091206,3236,SEA
2021091206,3236,IND
2021091206,3287,SEA
2021091206,3287,IND
2021091206,3311,SEA
2021091206,3311,IND
2021091206,3353,SEA
2021091206,3353,IND
2021091206,3382,SEA
2021091206,3382,IND
2021091206,3406,SEA
2021091206,3406,IND
2021091206,3439,SEA
2021091206,3439,IND
2021091206,3463,SEA
2021091206,3463,IND
2021091206,3561,SEA
2021091206,3561,IND
2021091206,3761,SEA
2021091206,3761,IND
2021091206,3803,SEA
2021091206,3803,IND
2021091206,3833,SEA
2021091206,3833,IND
2021091207,76,TEN
2021091207,76,ARI
2021091207,100,TEN
2021091207,100,ARI
2021091207,152,ARI
2021091207,152,TEN
2021091207,218,ARI
2021091207,218,TEN
2021091207,253,ARI
2021091207,253,TEN
2021091207,386,ARI
2021091207,386,TEN
2021091207,410,ARI
2021091207,410,TEN
2021091207,494,TEN
2021091207,494,ARI
2021091207,621,ARI
2021091207,621,TEN
2021091207,660,ARI
2021091207,660,TEN
2021091207,839,ARI
2021091207,839,TEN
2021091207,863,ARI
2021091207,863,TEN
2021091207,930,TEN
2021091207,930,ARI
2021091207,954,TEN
2021091207,954,ARI
2021091207,1053,TEN
2021091207,1053,ARI
2021091207,1090,ARI
2021091207,1090,TEN
2021091207,1128,ARI
2021091207,1128,TEN
2021091207,1152,ARI
2021091207,1152,TEN
2021091207,1344,ARI
2021091207,1344,TEN
2021091207,1431,TEN
2021091207,1431,ARI
2021091207,1476,TEN
2021091207,1476,ARI
2021091207,1540,TEN
2021091207,1540,ARI
2021091207,1562,TEN
2021091207,1562,ARI
2021091207,1584,TEN
2021091207,1584,ARI
2021091207,1650,TEN
2021091207,1650,ARI
2021091207,1703,ARI
2021091207,1703,TEN
2021091207,1725,ARI
2021091207,1725,TEN
2021091207,1747,ARI
2021091207,1747,TEN
2021091207,1792,ARI
2021091207,1792,TEN
2021091207,1834,ARI
2021091207,1834,TEN
2021091207,1858,ARI
2021091207,1858,TEN
2021091207,2050,TEN
2021091207,2050,ARI
2021091207,2074,TEN
2021091207,2074,ARI
2021091207,2095,TEN
2021091207,2095,ARI
2021091207,2119,TEN
2021091207,2119,ARI
2021091207,2148,TEN
2021091207,2148,ARI
2021091207,2189,TEN
2021091207,2189,ARI
2021091207,2222,TEN
2021091207,2222,ARI
2021091207,2244,TEN
2021091207,2244,ARI
2021091207,2345,ARI
2021091207,2345,TEN
2021091207,2503,ARI
2021091207,2503,TEN
2021091207,2529,TEN
2021091207,2529,ARI
2021091207,2553,TEN
2021091207,2553,ARI
2021091207,2654,ARI
2021091207,2654,TEN
2021091207,2716,ARI
2021091207,2716,TEN
2021091207,2766,ARI
2021091207,2766,TEN
2021091207,2856,TEN
2021091207,2856,ARI
2021091207,2901,TEN
2021091207,2901,ARI
2021091207,2927,ARI
2021091207,2927,TEN
2021091207,2949,ARI
2021091207,2949,TEN
2021091207,2982,ARI
2021091207,2982,TEN
2021091207,3148,TEN
2021091207,3148,ARI
2021091207,3245,ARI
2021091207,3245,TEN
2021091207,3310,TEN
2021091207,3310,ARI
2021091207,3353,TEN
2021091207,3353,ARI
2021091207,3398,TEN
2021091207,3398,ARI
2021091207,3420,TEN
2021091207,3420,ARI
2021091207,3444,TEN
2021091207,3444,ARI
2021091207,3466,TEN
2021091207,3466,ARI
2021091207,3488,TEN
2021091207,3488,ARI
2021091207,3527,TEN
2021091207,3527,ARI
2021091207,3728,TEN
2021091207,3728,ARI
2021091207,3776,TEN
2021091207,3776,ARI
2021091207,3804,TEN
2021091207,3804,ARI
2021091207,3828,TEN
2021091207,3828,ARI
2021091207,3847,TEN
2021091207,3847,ARI
2021091207,3871,TEN
2021091207,3871,ARI
2021091208,56,LAC
2021091208,56,WAS
2021091208,85,LAC
2021091208,85,WAS
2021091208,175,LAC
2021091208,175,WAS
2021091208,225,LAC
2021091208,225,WAS
2021091208,272,LAC
2021091208,272,WAS
2021091208,377,WAS
2021091208,377,LAC
2021091208,401,WAS
2021091208,401,LAC
2021091208,450,LAC
2021091208,450,WAS
2021091208,493,LAC
2021091208,493,WAS
2021091208,620,WAS
2021091208,620,LAC
2021091208,649,WAS
2021091208,649,LAC
2021091208,742,LAC
2021091208,742,WAS
2021091208,764,LAC
2021091208,764,WAS
2021091208,788,LAC
2021091208,788,WAS
2021091208,920,WAS
2021091208,920,LAC
2021091208,974,WAS
2021091208,974,LAC
2021091208,996,WAS
2021091208,996,LAC
2021091208,1095,LAC
2021091208,1095,WAS
2021091208,1145,LAC
2021091208,1145,WAS
2021091208,1190,LAC
2021091208,1190,WAS
2021091208,1214,LAC
2021091208,1214,WAS
2021091208,1238,LAC
2021091208,1238,WAS
2021091208,1304,LAC
2021091208,1304,WAS
2021091208,1367,WAS
2021091208,1367,LAC
2021091208,1431,LAC
2021091208,1431,WAS
2021091208,1453,LAC
2021091208,1453,WAS
2021091208,1521,LAC
2021091208,1521,WAS
2021091208,1545,LAC
2021091208,1545,WAS
2021091208,1599,LAC
2021091208,1599,WAS
2021091208,1644,LAC
2021091208,1644,WAS
2021091208,1675,LAC
2021091208,1675,WAS
2021091208,1710,LAC
2021091208,1710,WAS
2021091208,1739,LAC
2021091208,1739,WAS
2021091208,1784,LAC
2021091208,1784,WAS
2021091208,1988,LAC
2021091208,1988,WAS
2021091208,2010,LAC
2021091208,2010,WAS
2021091208,2046,LAC
2021091208,2046,WAS
2021091208,2123,LAC
2021091208,2123,WAS
2021091208,2156,LAC
2021091208,2156,WAS
2021091208,2185,LAC
2021091208,2185,WAS
2021091208,2219,LAC
2021091208,2219,WAS
2021091208,2322,LAC
2021091208,2322,WAS
2021091208,2348,LAC
2021091208,2348,WAS
2021091208,2428,LAC
2021091208,2428,WAS
2021091208,2482,LAC
2021091208,2482,WAS
2021091208,2522,LAC
2021091208,2522,WAS
2021091208,2617,LAC
2021091208,2617,WAS
2021091208,2641,LAC
2021091208,2641,WAS
2021091208,2670,LAC
2021091208,2670,WAS
2021091208,2692,WAS
2021091208,2692,LAC
2021091208,2714,LAC
2021091208,2714,WAS
2021091208,2761,LAC
2021091208,2761,WAS
2021091208,2804,LAC
2021091208,2804,WAS
2021091208,2849,LAC
2021091208,2849,WAS
2021091208,3042,LAC
2021091208,3042,WAS
2021091208,3166,LAC
2021091208,3166,WAS
2021091208,3331,LAC
2021091208,3331,WAS
2021091208,3375,LAC
2021091208,3375,WAS
2021091208,3420,LAC
2021091208,3420,WAS
2021091208,3442,LAC
2021091208,3442,WAS
2021091208,3484,LAC
2021091208,3484,WAS
2021091208,3575,WAS
2021091208,3575,LAC
2021091208,3597,WAS
2021091208,3597,LAC
2021091208,3850,LAC
2021091208,3850,WAS
2021091208,3874,LAC
2021091208,3874,WAS
2021091208,3992,LAC
2021091208,3992,WAS
2021091208,4055,LAC
2021091208,4055,WAS
2021091208,4101,LAC
2021091208,4101,WAS
2021091208,4125,LAC
2021091208,4125,WAS
2021091208,4191,LAC
2021091208,4191,WAS
2021091208,4312,LAC
2021091208,4312,WAS
2021091209,76,CLE
2021091209,76,KC
2021091209,126,CLE
2021091209,126,KC
2021091209,155,CLE
2021091209,155,KC
2021091209,177,CLE
2021091209,177,KC
2021091209,198,CLE
2021091209,198,KC
2021091209,243,KC
2021091209,243,CLE
2021091209,265,KC
2021091209,265,CLE
2021091209,289,CLE
2021091209,289,KC
2021091209,490,CLE
2021091209,490,KC
2021091209,514,CLE
2021091209,514,KC
2021091209,559,KC
2021091209,559,CLE
2021091209,620,CLE
2021091209,620,KC
2021091209,642,CLE
2021091209,642,KC
2021091209,677,CLE
2021091209,677,KC
2021091209,710,CLE
2021091209,710,KC
2021091209,768,KC
2021091209,768,CLE
2021091209,797,KC
2021091209,797,CLE
2021091209,866,CLE
2021091209,866,KC
2021091209,995,CLE
2021091209,995,KC
2021091209,1085,CLE
2021091209,1085,KC
2021091209,1142,CLE
2021091209,1142,KC
2021091209,1166,KC
2021091209,1166,CLE
2021091209,1188,KC
2021091209,1188,CLE
2021091209,1212,CLE
2021091209,1212,KC
2021091209,1247,KC
2021091209,1247,CLE
2021091209,1295,KC
2021091209,1295,CLE
2021091209,1387,CLE
2021091209,1387,KC
2021091209,1484,CLE
2021091209,1484,KC
2021091209,1508,CLE
2021091209,1508,KC
2021091209,1601,CLE
2021091209,1601,KC
2021091209,1631,CLE
2021091209,1631,KC
2021091209,1672,CLE
2021091209,1672,KC
2021091209,1694,CLE
2021091209,1694,KC
2021091209,1716,CLE
2021091209,1716,KC
2021091209,1853,KC
2021091209,1853,CLE
2021091209,1894,KC
2021091209,1894,CLE
2021091209,1916,KC
2021091209,1916,CLE
2021091209,1938,KC
2021091209,1938,CLE
2021091209,1971,KC
2021091209,1971,CLE
2021091209,2124,CLE
2021091209,2124,KC
2021091209,2226,CLE
2021091209,2226,KC
2021091209,2250,CLE
2021091209,2250,KC
2021091209,2293,CLE
2021091209,2293,KC
2021091209,2340,CLE
2021091209,2340,KC
2021091209,2364,CLE
2021091209,2364,KC
2021091209,2425,CLE
2021091209,2425,KC
2021091209,2587,CLE
2021091209,2587,KC
2021091209,2685,CLE
2021091209,2685,KC
2021091209,2735,CLE
2021091209,2735,KC
2021091209,2777,CLE
2021091209,2777,KC
2021091209,2833,CLE
2021091209,2833,KC
2021091209,2942,CLE
2021091209,2942,KC
2021091209,3093,CLE
2021091209,3093,KC
2021091209,3149,CLE
2021091209,3149,KC
2021091209,3168,CLE
2021091209,3168,KC
2021091209,3192,KC
2021091209,3192,CLE
2021091209,3286,CLE
2021091209,3286,KC
2021091209,3390,KC
2021091209,3390,CLE
2021091209,3435,KC
2021091209,3435,CLE
2021091209,3510,CLE
2021091209,3510,KC
2021091209,3534,CLE
2021091209,3534,KC
2021091209,3617,CLE
2021091209,3617,KC
2021091209,3639,CLE
2021091209,3639,KC
2021091209,3704,KC
2021091209,3704,CLE
2021091209,3745,KC
2021091209,3745,CLE
2021091209,3793,KC
2021091209,3793,CLE
2021091210,146,MIA
2021091210,146,NE
2021091210,200,MIA
2021091210,200,NE
2021091210,352,NE
2021091210,352,MIA
2021091210,525,MIA
2021091210,525,NE
2021091210,574,MIA
2021091210,574,NE
2021091210,603,MIA
2021091210,603,NE
2021091210,726,NE
2021091210,726,MIA
2021091210,865,MIA
2021091210,865,NE
2021091210,929,MIA
2021091210,929,NE
2021091210,953,MIA
2021091210,953,NE
2021091210,996,MIA
2021091210,996,NE
2021091210,1020,MIA
2021091210,1020,NE
2021091210,1081,MIA
2021091210,1081,NE
2021091210,1201,NE
2021091210,1201,MIA
2021091210,1225,NE
2021091210,1225,MIA
2021091210,1284,NE
2021091210,1284,MIA
2021091210,1323,MIA
2021091210,1323,NE
2021091210,1368,MIA
2021091210,1368,NE
2021091210,1390,MIA
2021091210,1390,NE
2021091210,1442,NE
2021091210,1442,MIA
2021091210,1492,NE
2021091210,1492,MIA
2021091210,1584,MIA
2021091210,1584,NE
2021091210,1608,MIA
2021091210,1608,NE
2021091210,1630,MIA
2021091210,1630,NE
2021091210,1657,MIA
2021091210,1657,NE
2021091210,1712,MIA
2021091210,1712,NE
2021091210,1772,NE
2021091210,1772,MIA
2021091210,1858,NE
2021091210,1858,MIA
2021091210,1947,NE
2021091210,1947,MIA
2021091210,1989,NE
2021091210,1989,MIA
2021091210,2011,NE
2021091210,2011,MIA
2021091210,2119,NE
2021091210,2119,MIA
2021091210,2141,NE
2021091210,2141,MIA
2021091210,2191,NE
2021091210,2191,MIA
2021091210,2287,NE
2021091210,2287,MIA
2021091210,2426,MIA
2021091210,2426,NE
2021091210,2461,MIA
2021091210,2461,NE
2021091210,2483,MIA
2021091210,2483,NE
2021091210,2515,MIA
2021091210,2515,NE
2021091210,2550,MIA
2021091210,2550,NE
2021091210,2611,MIA
2021091210,2611,NE
2021091210,2633,MIA
2021091210,2633,NE
2021091210,2662,MIA
2021091210,2662,NE
2021091210,2728,MIA
2021091210,2728,NE
2021091210,2752,MIA
2021091210,2752,NE
2021091210,2830,NE
2021091210,2830,MIA
2021091210,2912,MIA
2021091210,2912,NE
2021091210,2973,MIA
2021091210,2973,NE
2021091210,3016,MIA
2021091210,3016,NE
2021091210,3045,MIA
2021091210,3045,NE
2021091210,3069,MIA
2021091210,3069,NE
2021091210,3093,MIA
2021091210,3093,NE
2021091210,3127,MIA
2021091210,3127,NE
2021091210,3173,MIA
2021091210,3173,NE
2021091210,3239,MIA
2021091210,3239,NE
2021091210,3345,NE
2021091210,3345,MIA
2021091210,3415,NE
2021091210,3415,MIA
2021091210,3473,NE
2021091210,3473,MIA
2021091210,3497,MIA
2021091210,3497,NE
2021091210,3610,MIA
2021091210,3610,NE
2021091211,76,NO
2021091211,76,GB
2021091211,100,NO
2021091211,100,GB
2021091211,142,NO
2021091211,142,GB
2021091211,184,NO
2021091211,184,GB
2021091211,206,NO
2021091211,206,GB
2021091211,283,GB
2021091211,283,NO
2021091211,307,GB
2021091211,307,NO
2021091211,393,GB
2021091211,393,NO
2021091211,421,GB
2021091211,421,NO
2021091211,528,NO
2021091211,528,GB
2021091211,573,NO
2021091211,573,GB
2021091211,597,NO
2021091211,597,GB
2021091211,640,NO
2021091211,640,GB
2021091211,709,NO
2021091211,709,GB
2021091211,902,GB
2021091211,902,NO
2021091211,921,GB
2021091211,921,NO
2021091211,945,GB
2021091211,945,NO
2021091211,1274,NO
2021091211,1274,GB
2021091211,1391,NO
2021091211,1391,GB
2021091211,1443,GB
2021091211,1443,NO
2021091211,1493,GB
2021091211,1493,NO
2021091211,1517,GB
2021091211,1517,NO
2021091211,1550,GB
2021091211,1550,NO
2021091211,1608,GB
2021091211,1608,NO
2021091211,1698,GB
2021091211,1698,NO
2021091211,1752,GB
2021091211,1752,NO
2021091211,1785,GB
2021091211,1785,NO
2021091211,1809,GB
2021091211,1809,NO
2021091211,1855,GB
2021091211,1855,NO
2021091211,1979,GB
2021091211,1979,NO
2021091211,2005,NO
2021091211,2005,GB
2021091211,2118,NO
2021091211,2118,GB
2021091211,2140,NO
2021091211,2140,GB
2021091211,2181,GB
2021091211,2181,NO
2021091211,2203,GB
2021091211,2203,NO
2021091211,2259,GB
2021091211,2259,NO
2021091211,2327,NO
2021091211,2327,GB
2021091211,2425,GB
2021091211,2425,NO
2021091211,2447,GB
2021091211,2447,NO
2021091211,2471,GB
2021091211,2471,NO
2021091211,2493,NO
2021091211,2493,GB
2021091211,2536,NO
2021091211,2536,GB
2021091211,2617,NO
2021091211,2617,GB
2021091211,2755,GB
2021091211,2755,NO
2021091211,2893,NO
2021091211,2893,GB
2021091211,2986,NO
2021091211,2986,GB
2021091211,3031,NO
2021091211,3031,GB
2021091211,3060,NO
2021091211,3060,GB
2021091212,84,DEN
2021091212,84,NYG
2021091212,106,DEN
2021091212,106,NYG
2021091212,186,DEN
2021091212,186,NYG
2021091212,335,DEN
2021091212,335,NYG
2021091212,421,DEN
2021091212,421,NYG
2021091212,465,DEN
2021091212,465,NYG
2021091212,489,DEN
2021091212,489,NYG
2021091212,566,DEN
2021091212,566,NYG
2021091212,611,DEN
2021091212,611,NYG
2021091212,635,DEN
2021091212,635,NYG
2021091212,657,DEN
2021091212,657,NYG
2021091212,702,DEN
2021091212,702,NYG
2021091212,745,DEN
2021091212,745,NYG
2021091212,788,DEN
2021091212,788,NYG
2021091212,843,DEN
2021091212,843,NYG
2021091212,912,DEN
2021091212,912,NYG
2021091212,935,DEN
2021091212,935,NYG
2021091212,980,DEN
2021091212,980,NYG
2021091212,1004,DEN
2021091212,1004,NYG
2021091212,1081,DEN
2021091212,1081,NYG
2021091212,1127,DEN
2021091212,1127,NYG
2021091212,1175,DEN
2021091212,1175,NYG
2021091212,1199,DEN
2021091212,1199,NYG
2021091212,1239,DEN
2021091212,1239,NYG
2021091212,1260,DEN
2021091212,1260,NYG
2021091212,1366,DEN
2021091212,1366,NYG
2021091212,1388,DEN
2021091212,1388,NYG
2021091212,1437,DEN
2021091212,1437,NYG
2021091212,1499,DEN
2021091212,1499,NYG
2021091212,1540,DEN
2021091212,1540,NYG
2021091212,1564,DEN
2021091212,1564,NYG
2021091212,1593,DEN
2021091212,1593,NYG
2021091212,1776,DEN
2021091212,1776,NYG
2021091212,1810,DEN
2021091212,1810,NYG
2021091212,1855,DEN
2021091212,1855,NYG
2021091212,1877,DEN
2021091212,1877,NYG
2021091212,1901,DEN
2021091212,1901,NYG
2021091212,1944,DEN
2021091212,1944,NYG
2021091212,1989,DEN
2021091212,1989,NYG
2021091212,2008,DEN
2021091212,2008,NYG
2021091212,2129,DEN
2021091212,2129,NYG
2021091212,2151,DEN
2021091212,2151,NYG
2021091212,2282,DEN
2021091212,2282,NYG
2021091212,2304,DEN
2021091212,2304,NYG
2021091212,2349,DEN
2021091212,2349,NYG
2021091212,2371,DEN
2021091212,2371,NYG
2021091212,2395,DEN
2021091212,2395,NYG
2021091212,2474,DEN
2021091212,2474,NYG
2021091212,2532,DEN
2021091212,2532,NYG
2021091212,2554,DEN
2021091212,2554,NYG
2021091212,2630,DEN
2021091212,2630,NYG
2021091212,2703,DEN
2021091212,2703,NYG
2021091212,2804,DEN
2021091212,2804,NYG
2021091212,2857,DEN
2021091212,2857,NYG
2021091212,2883,DEN
2021091212,2883,NYG
2021091212,2905,DEN
2021091212,2905,NYG
2021091212,2947,DEN
2021091212,2947,NYG
2021091212,2971,DEN
2021091212,2971,NYG
2021091212,3014,DEN
2021091212,3014,NYG
2021091212,3047,DEN
2021091212,3047,NYG
2021091212,3095,DEN
2021091212,3095,NYG
2021091212,3117,DEN
2021091212,3117,NYG
2021091212,3181,DEN
2021091212,3181,NYG
2021091212,3294,DEN
2021091212,3294,NYG
2021091212,3318,DEN
2021091212,3318,NYG
2021091212,3342,DEN
2021091212,3342,NYG
2021091212,3366,DEN
2021091212,3366,NYG
2021091212,3388,DEN
2021091212,3388,NYG
2021091212,3410,DEN
2021091212,3410,NYG
2021091212,3446,DEN
2021091212,3446,NYG
2021091212,3601,DEN
2021091212,3601,NYG
2021091212,3625,DEN
2021091212,3625,NYG
2021091212,3649,DEN
2021091212,3649,NYG
2021091212,3673,DEN
2021091212,3673,NYG
2021091212,3719,DEN
2021091212,3719,NYG
2021091212,3743,DEN
2021091212,3743,NYG
2021091213,69,CHI
2021091213,69,LA
2021091213,217,CHI
2021091213,217,LA
2021091213,265,LA
2021091213,265,CHI
2021091213,289,LA
2021091213,289,CHI
2021091213,377,CHI
2021091213,377,LA
2021091213,401,CHI
2021091213,401,LA
2021091213,425,CHI
2021091213,425,LA
2021091213,468,CHI
2021091213,468,LA
2021091213,492,CHI
2021091213,492,LA
2021091213,514,LA
2021091213,514,CHI
2021091213,538,LA
2021091213,538,CHI
2021091213,583,LA
2021091213,583,CHI
2021091213,607,LA
2021091213,607,CHI
2021091213,684,CHI
2021091213,684,LA
2021091213,775,CHI
2021091213,775,LA
2021091213,804,CHI
2021091213,804,LA
2021091213,962,LA
2021091213,962,CHI
2021091213,991,LA
2021091213,991,CHI
2021091213,1042,LA
2021091213,1042,CHI
2021091213,1064,LA
2021091213,1064,CHI
2021091213,1141,CHI
2021091213,1141,LA
2021091213,1265,CHI
2021091213,1265,LA
2021091213,1330,LA
2021091213,1330,CHI
2021091213,1421,CHI
2021091213,1421,LA
2021091213,1492,CHI
2021091213,1492,LA
2021091213,1554,CHI
2021091213,1554,LA
2021091213,1616,CHI
2021091213,1616,LA
2021091213,1794,LA
2021091213,1794,CHI
2021091213,1818,LA
2021091213,1818,CHI
2021091213,1898,CHI
2021091213,1898,LA
2021091213,1943,CHI
2021091213,1943,LA
2021091213,1988,CHI
2021091213,1988,LA
2021091213,2012,CHI
2021091213,2012,LA
2021091213,2034,CHI
2021091213,2034,LA
2021091213,2063,CHI
2021091213,2063,LA
2021091213,2111,CHI
2021091213,2111,LA
2021091213,2243,CHI
2021091213,2243,LA
2021091213,2341,LA
2021091213,2341,CHI
2021091213,2363,LA
2021091213,2363,CHI
2021091213,2387,LA
2021091213,2387,CHI
2021091213,2440,LA
2021091213,2440,CHI
2021091213,2469,LA
2021091213,2469,CHI
2021091213,2560,CHI
2021091213,2560,LA
2021091213,2615,CHI
2021091213,2615,LA
2021091213,2733,CHI
2021091213,2733,LA
2021091213,2757,CHI
2021091213,2757,LA
2021091213,2778,CHI
2021091213,2778,LA
2021091213,2828,CHI
2021091213,2828,LA
2021091213,2847,CHI
2021091213,2847,LA
2021091213,2881,CHI
2021091213,2881,LA
2021091213,2905,CHI
2021091213,2905,LA
2021091213,3054,LA
2021091213,3054,CHI
2021091213,3154,LA
2021091213,3154,CHI
2021091213,3224,LA
2021091213,3224,CHI
2021091213,3284,LA
2021091213,3284,CHI
2021091213,3351,CHI
2021091213,3351,LA
2021091213,3375,CHI
2021091213,3375,LA
2021091213,3399,CHI
2021091213,3399,LA
2021091213,3421,CHI
2021091213,3421,LA
2021091213,3472,CHI
2021091213,3472,LA
2021091213,3494,CHI
2021091213,3494,LA
2021091300,55,BAL
2021091300,55,LV
2021091300,77,BAL
2021091300,77,LV
2021091300,148,BAL
2021091300,148,LV
2021091300,169,BAL
2021091300,169,LV
2021091300,228,BAL
2021091300,228,LV
2021091300,250,BAL
2021091300,250,LV
2021091300,356,LV
2021091300,356,BAL
2021091300,383,LV
2021091300,383,BAL
2021091300,407,BAL
2021091300,407,LV
2021091300,428,BAL
2021091300,428,LV
2021091300,475,BAL
2021091300,475,LV
2021091300,518,BAL
2021091300,518,LV
2021091300,562,BAL
2021091300,562,LV
2021091300,590,BAL
2021091300,590,LV
2021091300,612,BAL
2021091300,612,LV
2021091300,692,LV
2021091300,692,BAL
2021091300,737,LV
2021091300,737,BAL
2021091300,759,LV
2021091300,759,BAL
2021091300,880,LV
2021091300,880,BAL
2021091300,902,BAL
2021091300,902,LV
2021091300,1013,BAL
2021091300,1013,LV
2021091300,1075,BAL
2021091300,1075,LV
2021091300,1122,BAL
2021091300,1122,LV
2021091300,1174,LV
2021091300,1174,BAL
2021091300,1226,LV
2021091300,1226,BAL
2021091300,1250,LV
2021091300,1250,BAL
2021091300,1293,LV
2021091300,1293,BAL
2021091300,1344,BAL
2021091300,1344,LV
2021091300,1368,BAL
2021091300,1368,LV
2021091300,1461,BAL
2021091300,1461,LV
2021091300,1485,BAL
2021091300,1485,LV
2021091300,1507,BAL
2021091300,1507,LV
2021091300,1553,BAL
2021091300,1553,LV
2021091300,1655,BAL
2021091300,1655,LV
2021091300,1744,LV
2021091300,1744,BAL
2021091300,1836,BAL
2021091300,1836,LV
2021091300,1875,BAL
2021091300,1875,LV
2021091300,1899,BAL
2021091300,1899,LV
2021091300,1921,BAL
2021091300,1921,LV
2021091300,1943,BAL
2021091300,1943,LV
2021091300,1984,BAL
2021091300,1984,LV
2021091300,2008,BAL
2021091300,2008,LV
2021091300,2030,BAL
2021091300,2030,LV
2021091300,2063,BAL
2021091300,2063,LV
2021091300,2180,BAL
2021091300,2180,LV
2021091300,2256,BAL
2021091300,2256,LV
2021091300,2278,BAL
2021091300,2278,LV
2021091300,2344,BAL
2021091300,2344,LV
2021091300,2373,BAL
2021091300,2373,LV
2021091300,2504,LV
2021091300,2504,BAL
2021091300,2526,BAL
2021091300,2526,LV
2021091300,2589,BAL
2021091300,2589,LV
2021091300,2655,BAL
2021091300,2655,LV
2021091300,2676,BAL
2021091300,2676,LV
2021091300,2700,BAL
2021091300,2700,LV
2021091300,2771,BAL
2021091300,2771,LV
2021091300,2803,BAL
2021091300,2803,LV
2021091300,2851,BAL
2021091300,2851,LV
2021091300,2879,BAL
2021091300,2879,LV
2021091300,2951,LV
2021091300,2951,BAL
2021091300,3007,BAL
2021091300,3007,LV
2021091300,3035,BAL
2021091300,3035,LV
2021091300,3098,BAL
2021091300,3098,LV
2021091300,3143,BAL
2021091300,3143,LV
2021091300,3168,BAL
2021091300,3168,LV
2021091300,3211,LV
2021091300,3211,BAL
2021091300,3256,BAL
2021091300,3256,LV
2021091300,3312,BAL
2021091300,3312,LV
2021091300,3385,LV
2021091300,3385,BAL
2021091300,3478,LV
2021091300,3478,BAL
2021091300,3544,LV
2021091300,3544,BAL
2021091300,3619,BAL
2021091300,3619,LV
2021091300,3664,BAL
2021091300,3664,LV
2021091300,3688,BAL
2021091300,3688,LV
2021091300,3712,BAL
2021091300,3712,LV
2021091300,3734,BAL
2021091300,3734,LV
2021091300,3756,BAL
2021091300,3756,LV
2021091300,3812,BAL
2021091300,3812,LV
2021091300,3836,BAL
2021091300,3836,LV
2021091300,3914,LV
2021091300,3914,BAL
2021091300,3980,BAL
2021091300,3980,LV
2021091300,4094,LV
2021091300,4094,BAL
2021091300,4166,BAL
2021091300,4166,LV
2021091300,4212,BAL
2021091300,4212,LV
2021091300,4347,BAL
2021091300,4347,LV
2021091300,4392,BAL
2021091300,4392,LV
2021091300,4454,BAL
2021091300,4454,LV
2021091300,4476,BAL
2021091300,4476,LV
2021091300,4586,BAL
2021091300,4586,LV
2021091300,4608,BAL
2021091300,4608,LV
2021091300,4641,LV
2021091300,4641,BAL
2021091300,4691,BAL
2021091300,4691,LV
2021091300,4736,BAL
2021091300,4736,LV
2021091300,4765,BAL
2021091300,4765,LV
2021091300,4845,BAL
2021091300,4845,LV
